HRR #,HRR Name,State,"Total, Age, sex & race-adjusted","Total, Price, age, sex & race-adjusted","Hospital & skilled nursing facility, Age, sex & race-adjusted","Hospital & skilled nursing facility, Price, age, sex & race-adjusted","Physician, Age, sex & race-adjusted","Physician, Price, age, sex & race-adjusted","Outpatient facility, Age, sex & race-adjusted","Outpatient facility, Price, age, sex & race-adjusted","Home health agency, Age, sex & race-adjusted","Home health agency, Price, age, sex & race-adjusted","Hospice, Age, sex & race-adjusted","Hospice, Price, age, sex & race-adjusted","Durable medical equipment, Age, sex & race-adjusted","Durable medical equipment, Price, age, sex & race-adjusted"
1,Birmingham,AL,"232,401 ","9,022 ","10,449 ","3,594 ","4,522 ","2,664 ","2,805 ","1,381 ","1,568 ",575 ,662 ,600 ,702 ,230 ,220 
2,Dothan,AL,"48,971 ","8,943 ","10,469 ","3,465 ","4,441 ","2,701 ","2,857 ","1,333 ","1,544 ",611 ,713 ,628 ,736 ,238 ,215 
5,Huntsville,AL,"73,875 ","8,877 ","10,089 ","3,401 ","4,211 ","2,930 ","3,079 ","1,337 ","1,477 ",506 ,576 ,462 ,537 ,246 ,225 
6,Mobile,AL,"77,444 ","8,664 ","10,139 ","3,283 ","4,253 ","2,670 ","2,824 ","1,342 ","1,539 ",572 ,661 ,573 ,670 ,247 ,223 
7,Montgomery,AL,"44,278 ","8,422 ","9,769 ","3,303 ","4,098 ","2,366 ","2,536 ","1,607 ","1,842 ",452 ,528 ,455 ,542 ,251 ,228 
9,Tuscaloosa,AL,"28,970 ","9,140 ","10,281 ","3,722 ","4,506 ","2,574 ","2,719 ","1,528 ","1,666 ",642 ,705 ,477 ,504 ,206 ,183 
10,Anchorage,AK,"59,648 ","8,849 ","7,134 ","4,076 ","3,091 ","2,486 ","2,086 ","1,681 ","1,421 ",206 ,177 ,186 ,172 ,123 ,109 
11,Mesa,AZ,"88,368 ","9,803 ","9,827 ","3,731 ","3,824 ","3,681 ","3,674 ","1,226 ","1,190 ",439 ,425 ,519 ,495 ,186 ,200 
12,Phoenix,AZ,"276,009 ","9,311 ","9,125 ","3,719 ","3,607 ","3,269 ","3,258 ","1,277 ","1,240 ",339 ,327 ,507 ,494 ,196 ,194 
14,Sun City,AZ,"45,489 ","9,409 ","9,461 ","3,287 ","3,446 ","3,866 ","3,827 ","1,316 ","1,273 ",352 ,341 ,385 ,362 ,180 ,195 
15,Tucson,AZ,"104,753 ","8,124 ","8,299 ","3,193 ","3,306 ","2,894 ","2,883 ","1,247 ","1,283 ",283 ,292 ,326 ,348 ,154 ,164 
16,Fort Smith,AR,"41,613 ","9,331 ","10,595 ","4,205 ","5,043 ","2,187 ","2,288 ","1,507 ","1,710 ",833 ,946 ,382 ,413 ,249 ,232 
18,Jonesboro,AR,"28,690 ","9,388 ","10,902 ","4,589 ","5,731 ","2,139 ","2,230 ","1,736 ","1,961 ",425 ,486 ,237 ,262 ,269 ,250 
19,Little Rock,AR,"192,611 ","8,644 ","9,779 ","3,821 ","4,611 ","2,373 ","2,485 ","1,475 ","1,641 ",389 ,436 ,354 ,378 ,231 ,229 
21,Springdale,AR,"49,418 ","8,153 ","8,912 ","3,483 ","4,047 ","2,414 ","2,515 ","1,281 ","1,380 ",427 ,461 ,278 ,260 ,266 ,247 
22,Texarkana,AR,"30,878 ","9,586 ","11,041 ","4,288 ","5,308 ","2,322 ","2,410 ","1,229 ","1,386 ",922 ,"1,040 ",588 ,688 ,266 ,245 
23,Orange County,CA,"173,002 ","11,309 ","10,082 ","4,622 ","4,025 ","3,872 ","3,594 ","1,527 ","1,308 ",666 ,571 ,438 ,384 ,168 ,176 
25,Bakersfield,CA,"68,787 ","10,622 ","9,349 ","4,850 ","4,018 ","3,260 ","3,104 ","1,585 ","1,342 ",365 ,309 ,322 ,310 ,241 ,263 
31,Chico,CA,"47,610 ","9,636 ","8,455 ","4,662 ","4,011 ","2,220 ","2,101 ","1,959 ","1,635 ",366 ,313 ,176 ,158 ,254 ,235 
33,Contra Costa County,CA,"64,090 ","10,721 ","8,473 ","4,691 ","3,549 ","3,300 ","2,913 ","1,527 ","1,109 ",570 ,413 ,482 ,336 ,144 ,145 
43,Fresno,CA,"79,356 ","9,935 ","8,827 ","4,342 ","3,644 ","3,375 ","3,246 ","1,419 ","1,199 ",345 ,292 ,268 ,252 ,197 ,201 
56,Los Angeles,CA,"403,581 ","12,969 ","11,333 ","5,979 ","5,015 ","3,887 ","3,639 ","1,517 ","1,298 ",973 ,830 ,390 ,335 ,187 ,191 
58,Modesto,CA,"69,087 ","10,208 ","8,630 ","4,872 ","3,838 ","2,743 ","2,605 ","1,690 ","1,403 ",392 ,335 ,292 ,240 ,222 ,203 
62,Napa,CA,"36,895 ","9,838 ","7,785 ","4,651 ","3,335 ","2,294 ","2,123 ","2,128 ","1,685 ",318 ,261 ,272 ,212 ,166 ,153 
65,Alameda County,CA,"80,193 ","11,140 ","8,676 ","5,264 ","3,883 ","2,974 ","2,654 ","1,661 ","1,213 ",627 ,458 ,457 ,325 ,133 ,139 
69,Palm Springs/Rancho Mirage,CA,"38,715 ","10,238 ","9,154 ","3,685 ","3,221 ","3,239 ","3,081 ","2,328 ","1,964 ",407 ,343 ,434 ,390 ,131 ,143 
73,Redding,CA,"55,725 ","9,290 ","7,815 ","4,355 ","3,442 ","2,441 ","2,311 ","1,639 ","1,328 ",386 ,319 ,253 ,210 ,206 ,188 
77,Sacramento,CA,"187,296 ","9,600 ","7,876 ","4,467 ","3,400 ","2,548 ","2,423 ","1,616 ","1,253 ",457 ,355 ,358 ,279 ,155 ,161 
78,Salinas,CA,"42,436 ","9,282 ","7,584 ","4,270 ","3,320 ","2,555 ","2,402 ","1,447 ","1,081 ",545 ,408 ,302 ,230 ,157 ,141 
79,San Bernardino,CA,"90,540 ","11,141 ","9,588 ","5,584 ","4,481 ","2,913 ","2,784 ","1,367 ","1,160 ",580 ,491 ,533 ,492 ,184 ,198 
80,San Diego,CA,"196,076 ","9,998 ","8,900 ","4,393 ","3,750 ","3,019 ","2,902 ","1,456 ","1,240 ",565 ,480 ,408 ,361 ,155 ,163 
81,San Francisco,CA,"98,871 ","10,391 ","7,793 ","4,831 ","3,334 ","2,538 ","2,240 ","1,899 ","1,378 ",597 ,434 ,393 ,286 ,118 ,120 
82,San Jose,CA,"84,912 ","10,802 ","8,228 ","4,757 ","3,405 ","3,097 ","2,675 ","1,778 ","1,261 ",584 ,418 ,441 ,309 ,142 ,150 
83,San Luis Obispo,CA,"36,104 ","8,481 ","7,487 ","3,074 ","2,624 ","3,021 ","2,842 ","1,223 ","1,020 ",602 ,506 ,360 ,308 ,185 ,171 
85,San Mateo County,CA,"54,018 ","9,763 ","7,405 ","3,923 ","2,799 ","2,799 ","2,401 ","1,865 ","1,326 ",556 ,398 ,503 ,358 ,110 ,117 
86,Santa Barbara,CA,"48,879 ","8,816 ","7,808 ","3,469 ","2,971 ","3,208 ","3,011 ","1,249 ","1,054 ",408 ,345 ,297 ,256 ,181 ,166 
87,Santa Cruz,CA,"30,585 ","9,548 ","7,382 ","4,197 ","2,952 ","2,818 ","2,609 ","1,343 ",940 ,527 ,371 ,482 ,333 ,186 ,164 
89,Santa Rosa,CA,"41,489 ","9,767 ","7,624 ","4,183 ","2,972 ","2,651 ","2,492 ","1,879 ","1,361 ",486 ,354 ,396 ,289 ,172 ,153 
91,Stockton,CA,"37,404 ","10,391 ","8,597 ","5,253 ","4,037 ","2,609 ","2,468 ","1,621 ","1,318 ",479 ,392 ,283 ,231 ,143 ,150 
96,Ventura,CA,"71,724 ","10,905 ","9,773 ","4,356 ","3,919 ","4,001 ","3,657 ","1,234 ","1,047 ",706 ,598 ,439 ,368 ,152 ,164 
101,Boulder,CO,"20,589 ","8,311 ","8,609 ","3,150 ","3,533 ","2,746 ","2,686 ","1,258 ","1,261 ",476 ,472 ,434 ,435 ,230 ,216 
102,Colorado Springs,CO,"71,923 ","8,226 ","8,493 ","3,386 ","3,654 ","2,393 ","2,326 ","1,398 ","1,420 ",443 ,446 ,343 ,351 ,257 ,295 
103,Denver,CO,"156,142 ","9,310 ","9,268 ","3,978 ","3,953 ","2,673 ","2,640 ","1,658 ","1,661 ",443 ,436 ,334 ,325 ,216 ,245 
104,Fort Collins,CO,"34,594 ","8,529 ","8,453 ","3,919 ","3,886 ","2,216 ","2,173 ","1,622 ","1,630 ",308 ,307 ,190 ,195 ,265 ,253 
105,Grand Junction,CO,"35,033 ","7,405 ","7,275 ","3,036 ","2,945 ","1,689 ","1,643 ","1,643 ","1,661 ",267 ,269 ,534 ,531 ,246 ,236 
106,Greeley,CO,"34,406 ","8,573 ","8,636 ","3,621 ","3,744 ","2,098 ","2,038 ","1,984 ","2,007 ",356 ,355 ,233 ,231 ,284 ,266 
107,Pueblo,CO,"16,943 ","8,498 ","8,730 ","3,568 ","3,814 ","2,394 ","2,350 ","1,353 ","1,375 ",451 ,460 ,351 ,372 ,376 ,358 
109,Bridgeport,CT,"62,385 ","10,988 ","9,460 ","4,928 ","4,040 ","3,094 ","2,950 ","2,029 ","1,691 ",601 ,504 ,237 ,180 ,129 ,136 
110,Hartford,CT,"146,054 ","10,250 ","9,335 ","4,708 ","4,128 ","2,927 ","2,834 ","1,647 ","1,492 ",572 ,520 ,238 ,206 ,175 ,179 
111,New Haven,CT,"142,722 ","11,156 ","9,683 ","5,141 ","4,205 ","2,945 ","2,819 ","1,939 ","1,684 ",714 ,628 ,262 ,200 ,169 ,174 
112,Wilmington,DE,"94,586 ","10,130 ","9,705 ","4,437 ","4,175 ","3,133 ","3,081 ","1,503 ","1,440 ",428 ,410 ,449 ,410 ,189 ,196 
113,Washington,DC,"258,887 ","9,752 ","8,903 ","4,241 ","3,588 ","3,101 ","2,916 ","1,696 ","1,689 ",317 ,313 ,263 ,261 ,156 ,160 
115,Bradenton,FL,"39,678 ","10,129 ","10,544 ","3,780 ","4,213 ","3,977 ","3,902 ","1,141 ","1,173 ",767 ,806 ,297 ,272 ,157 ,175 
116,Clearwater,FL,"52,103 ","10,761 ","11,331 ","4,052 ","4,576 ","3,911 ","3,869 ","1,283 ","1,337 ",932 ,977 ,367 ,343 ,199 ,218 
118,Fort Lauderdale,FL,"270,366 ","11,376 ","11,516 ","3,943 ","4,276 ","4,413 ","4,269 ","1,464 ","1,487 ",890 ,912 ,473 ,386 ,189 ,191 
119,Fort Myers,FL,"192,018 ","9,712 ","9,980 ","3,230 ","3,672 ","4,170 ","4,002 ","1,077 ","1,099 ",612 ,626 ,378 ,345 ,216 ,216 
120,Gainesville,FL,"63,302 ","10,024 ","10,328 ","4,288 ","4,553 ","3,193 ","3,178 ","1,136 ","1,197 ",707 ,748 ,477 ,452 ,235 ,213 
122,Hudson,FL,"45,070 ","10,765 ","11,495 ","4,374 ","5,079 ","4,043 ","4,000 ",960 ,999 ,891 ,933 ,296 ,264 ,188 ,210 
123,Jacksonville,FL,"159,629 ","10,619 ","11,144 ","4,221 ","4,599 ","3,532 ","3,569 ","1,472 ","1,554 ",674 ,709 ,518 ,496 ,212 ,225 
124,Lakeland,FL,"29,141 ","10,231 ","11,033 ","4,164 ","4,831 ","3,499 ","3,469 ","1,115 ","1,194 ",832 ,890 ,421 ,426 ,190 ,212 
127,Miami,FL,"145,033 ","13,455 ","13,109 ","5,351 ","5,192 ","3,840 ","3,702 ","1,530 ","1,556 ","1,574 ","1,594 ",675 ,569 ,206 ,212 
129,Ocala,FL,"104,695 ","9,555 ","10,237 ","3,345 ","3,993 ","3,956 ","3,916 ","1,049 ","1,118 ",579 ,616 ,387 ,367 ,208 ,208 
130,Orlando,FL,"354,310 ","10,365 ","11,018 ","4,012 ","4,601 ","3,621 ","3,591 ","1,309 ","1,373 ",744 ,781 ,461 ,441 ,212 ,226 
131,Ormond Beach,FL,"52,061 ","9,506 ","10,044 ","3,371 ","3,773 ","3,208 ","3,210 ","1,429 ","1,533 ",723 ,774 ,612 ,589 ,164 ,171 
133,Panama City,FL,"27,363 ","10,331 ","11,393 ","4,191 ","5,122 ","3,554 ","3,539 ","1,239 ","1,343 ",565 ,613 ,463 ,498 ,314 ,287 
134,Pensacola,FL,"93,551 ","9,457 ","10,449 ","3,547 ","4,314 ","2,908 ","2,903 ","1,658 ","1,810 ",650 ,717 ,441 ,486 ,255 ,232 
137,Sarasota,FL,"90,707 ","9,219 ","9,645 ","3,065 ","3,490 ","3,885 ","3,847 ","1,189 ","1,217 ",666 ,685 ,249 ,235 ,159 ,172 
139,St. Petersburg,FL,"37,395 ","11,055 ","11,663 ","4,641 ","5,171 ","3,808 ","3,798 ","1,226 ","1,279 ",893 ,934 ,302 ,276 ,181 ,199 
140,Tallahassee,FL,"62,676 ","8,861 ","9,944 ","3,652 ","4,417 ","2,644 ","2,691 ","1,452 ","1,631 ",442 ,493 ,434 ,493 ,246 ,223 
141,Tampa,FL,"90,046 ","11,194 ","11,766 ","4,557 ","5,038 ","3,702 ","3,691 ","1,231 ","1,290 ","1,050 ","1,107 ",436 ,404 ,201 ,218 
142,Albany,GA,"17,980 ","7,956 ","8,905 ","3,162 ","3,767 ","2,200 ","2,295 ","1,593 ","1,770 ",312 ,342 ,441 ,496 ,263 ,239 
144,Atlanta,GA,"429,107 ","8,817 ","9,377 ","3,310 ","3,739 ","2,840 ","2,874 ","1,464 ","1,525 ",459 ,479 ,570 ,582 ,192 ,197 
145,Augusta,GA,"62,610 ","8,323 ","8,954 ","3,492 ","3,888 ","2,426 ","2,496 ","1,448 ","1,528 ",326 ,350 ,490 ,540 ,161 ,174 
146,Columbus,GA,"29,460 ","8,484 ","9,423 ","3,104 ","3,690 ","2,339 ","2,461 ","1,806 ","1,972 ",418 ,457 ,643 ,673 ,204 ,185 
147,Macon,GA,"63,782 ","9,293 ","10,111 ","3,648 ","4,215 ","3,080 ","3,162 ","1,379 ","1,497 ",408 ,435 ,574 ,617 ,238 ,216 
148,Rome,GA,"29,463 ","9,404 ","10,395 ","3,983 ","4,640 ","2,640 ","2,756 ","1,343 ","1,465 ",668 ,727 ,557 ,619 ,241 ,228 
149,Savannah,GA,"86,381 ","8,701 ","9,381 ","3,413 ","3,785 ","2,841 ","2,988 ","1,416 ","1,530 ",350 ,381 ,494 ,531 ,199 ,180 
150,Honolulu,HI,"89,169 ","7,718 ","7,190 ","3,384 ","2,965 ","2,217 ","2,214 ","1,507 ","1,417 ",151 ,143 ,368 ,359 ,93 ,90 
151,Boise,ID,"68,462 ","7,945 ","8,459 ","3,073 ","3,291 ","1,548 ","1,623 ","2,103 ","2,228 ",471 ,500 ,558 ,620 ,201 ,209 
152,Idaho Falls,ID,"19,726 ","8,541 ","8,967 ","3,201 ","3,290 ","1,847 ","2,007 ","1,875 ","1,986 ",714 ,741 ,528 ,595 ,395 ,375 
154,Aurora,IL,"20,286 ","9,981 ","10,063 ","4,127 ","4,316 ","2,938 ","2,905 ","1,775 ","1,735 ",634 ,616 ,335 ,300 ,164 ,182 
155,Blue Island,IL,"83,674 ","10,499 ","10,433 ","4,705 ","4,800 ","3,036 ","2,962 ","1,497 ","1,454 ",784 ,759 ,291 ,257 ,177 ,191 
156,Chicago,IL,"145,630 ","10,917 ","10,292 ","5,010 ","4,590 ","2,680 ","2,588 ","1,620 ","1,575 ","1,117 ","1,082 ",245 ,216 ,140 ,149 
158,Elgin,IL,"71,993 ","10,429 ","10,586 ","4,454 ","4,761 ","3,130 ","3,062 ","1,611 ","1,570 ",673 ,654 ,414 ,380 ,153 ,168 
161,Evanston,IL,"111,384 ","9,733 ","9,544 ","3,864 ","3,874 ","2,981 ","2,873 ","1,850 ","1,801 ",621 ,604 ,298 ,267 ,133 ,143 
163,Hinsdale,IL,"44,019 ","9,652 ","9,742 ","3,978 ","4,231 ","3,035 ","2,935 ","1,560 ","1,521 ",595 ,579 ,328 ,310 ,150 ,164 
164,Joliet,IL,"66,073 ","10,720 ","10,994 ","4,805 ","5,100 ","2,955 ","2,991 ","1,864 ","1,833 ",603 ,586 ,306 ,287 ,188 ,196 
166,Melrose Park,IL,"117,381 ","9,964 ","9,862 ","4,380 ","4,449 ","2,762 ","2,665 ","1,710 ","1,664 ",677 ,658 ,287 ,267 ,151 ,163 
170,Peoria,IL,"72,112 ","8,592 ","9,202 ","3,915 ","4,240 ","2,215 ","2,358 ","1,606 ","1,716 ",350 ,369 ,287 ,318 ,223 ,204 
171,Rockford,IL,"76,420 ","8,970 ","9,449 ","3,929 ","4,251 ","2,110 ","2,215 ","2,016 ","2,064 ",372 ,369 ,346 ,365 ,201 ,188 
172,Springfield,IL,"102,344 ","8,972 ","9,774 ","4,123 ","4,558 ","2,303 ","2,504 ","1,885 ","2,025 ",310 ,330 ,134 ,151 ,238 ,224 
173,Urbana,IL,"36,908 ","9,220 ","9,838 ","4,246 ","4,566 ","2,053 ","2,218 ","2,250 ","2,366 ",260 ,276 ,193 ,211 ,231 ,212 
175,Bloomington,IL,"16,233 ","8,157 ","8,640 ","3,318 ","3,650 ","2,777 ","2,857 ","1,256 ","1,319 ",325 ,330 ,245 ,270 ,224 ,203 
179,Evansville,IN,"84,359 ","9,296 ","10,422 ","4,465 ","5,272 ","2,112 ","2,239 ","1,930 ","2,091 ",337 ,365 ,245 ,266 ,217 ,200 
180,Fort Wayne,IN,"67,961 ","8,823 ","9,356 ","4,100 ","4,407 ","2,150 ","2,265 ","1,750 ","1,840 ",273 ,288 ,350 ,370 ,204 ,188 
181,Gary,IN,"57,101 ","10,687 ","11,274 ","4,991 ","5,473 ","2,832 ","2,893 ","1,804 ","1,832 ",600 ,609 ,266 ,257 ,188 ,202 
183,Indianapolis,IN,"273,511 ","9,393 ","9,641 ","4,338 ","4,513 ","2,151 ","2,181 ","1,907 ","1,932 ",436 ,438 ,360 ,372 ,205 ,208 
184,Lafayette,IN,"22,354 ","9,251 ","9,790 ","4,287 ","4,727 ","2,338 ","2,387 ","1,650 ","1,679 ",302 ,308 ,439 ,464 ,234 ,221 
185,Muncie,IN,"20,795 ","9,414 ","9,672 ","4,447 ","4,586 ","2,281 ","2,289 ","1,723 ","1,802 ",377 ,389 ,328 ,366 ,263 ,241 
186,Munster,IN,"33,830 ","11,711 ","12,232 ","5,537 ","5,896 ","3,032 ","3,163 ","1,987 ","2,007 ",783 ,786 ,189 ,179 ,177 ,196 
187,South Bend,IN,"65,508 ","8,482 ","8,997 ","3,580 ","4,001 ","2,519 ","2,520 ","1,455 ","1,523 ",277 ,289 ,452 ,479 ,189 ,173 
188,Terre Haute,IN,"22,436 ","10,126 ","10,576 ","4,533 ","4,851 ","2,274 ","2,318 ","2,219 ","2,292 ",438 ,452 ,404 ,425 ,266 ,246 
190,Cedar Rapids,IA,"31,517 ","8,135 ","8,696 ","3,432 ","3,763 ","2,089 ","2,176 ","1,923 ","2,047 ",235 ,251 ,278 ,297 ,186 ,169 
191,Davenport,IA,"62,610 ","8,705 ","9,155 ","3,744 ","4,062 ","2,312 ","2,381 ","1,791 ","1,838 ",399 ,406 ,265 ,285 ,197 ,185 
192,Des Moines,IA,"130,845 ","7,760 ","8,153 ","3,316 ","3,499 ","2,052 ","2,132 ","1,743 ","1,859 ",201 ,212 ,262 ,280 ,197 ,182 
193,Dubuque,IA,"14,326 ","7,792 ","8,288 ","3,430 ","3,752 ","2,108 ","2,174 ","1,656 ","1,745 ",202 ,213 ,214 ,239 ,173 ,158 
194,Iowa City,IA,"40,235 ","8,127 ","8,364 ","3,737 ","3,763 ","1,713 ","1,810 ","2,012 ","2,104 ",166 ,176 ,306 ,329 ,207 ,192 
195,Mason City,IA,"24,099 ","8,221 ","8,553 ","3,617 ","3,655 ","1,500 ","1,589 ","2,655 ","2,869 ",130 ,141 ,171 ,175 ,221 ,203 
196,Sioux City,IA,"31,141 ","8,170 ","8,741 ","3,443 ","3,811 ","2,014 ","2,057 ","2,085 ","2,223 ",205 ,218 ,242 ,267 ,211 ,195 
197,Waterloo,IA,"28,957 ","8,968 ","9,565 ","3,574 ","3,869 ","2,147 ","2,250 ","2,569 ","2,740 ",203 ,218 ,300 ,328 ,194 ,179 
200,Topeka,KS,"57,079 ","8,551 ","9,404 ","3,705 ","4,293 ","2,156 ","2,259 ","1,957 ","2,096 ",237 ,256 ,283 ,306 ,216 ,196 
201,Wichita,KS,"157,104 ","8,919 ","9,792 ","4,025 ","4,566 ","2,331 ","2,389 ","1,754 ","1,960 ",310 ,344 ,255 ,289 ,257 ,255 
203,Covington,KY,"29,534 ","9,980 ","10,541 ","4,981 ","5,339 ","2,543 ","2,671 ","1,421 ","1,465 ",581 ,601 ,318 ,309 ,154 ,172 
204,Lexington,KY,"139,592 ","9,588 ","10,573 ","4,590 ","5,096 ","2,170 ","2,425 ","1,683 ","1,859 ",589 ,650 ,268 ,277 ,304 ,279 
205,Louisville,KY,"176,047 ","9,265 ","10,406 ","4,216 ","4,843 ","2,309 ","2,595 ","1,752 ","1,911 ",526 ,575 ,219 ,224 ,243 ,258 
207,Owensboro,KY,"17,278 ","9,043 ","9,963 ","4,349 ","4,662 ","2,161 ","2,503 ","1,712 ","1,932 ",400 ,452 ,211 ,213 ,215 ,201 
208,Paducah,KY,"48,930 ","8,790 ","10,261 ","4,075 ","4,982 ","2,176 ","2,469 ","1,674 ","1,881 ",465 ,523 ,167 ,193 ,235 ,216 
209,Alexandria,LA,"33,271 ","10,759 ","12,284 ","4,827 ","5,827 ","2,359 ","2,436 ","1,623 ","1,835 ","1,089 ","1,238 ",665 ,780 ,234 ,212 
210,Baton Rouge,LA,"55,771 ","9,910 ","10,887 ","3,965 ","4,521 ","2,598 ","2,683 ","1,764 ","1,941 ",833 ,906 ,565 ,641 ,191 ,193 
212,Houma,LA,"25,828 ","9,295 ","10,481 ","3,907 ","4,593 ","2,199 ","2,292 ","1,873 ","2,154 ",749 ,844 ,310 ,367 ,252 ,229 
213,Lafayette,LA,"66,864 ","9,799 ","11,227 ","4,209 ","5,122 ","2,466 ","2,588 ","1,631 ","1,854 ",829 ,945 ,432 ,503 ,230 ,210 
214,Lake Charles,LA,"28,250 ","9,397 ","10,642 ","3,844 ","4,620 ","2,246 ","2,344 ","1,694 ","1,923 ",822 ,947 ,580 ,617 ,240 ,218 
216,Metairie,LA,"29,072 ","10,672 ","11,456 ","4,337 ","4,786 ","2,638 ","2,712 ","2,192 ","2,363 ",879 ,940 ,417 ,435 ,200 ,206 
217,Monroe,LA,"28,540 ","11,096 ","12,654 ","4,734 ","5,733 ","2,633 ","2,709 ","1,818 ","2,071 ","1,136 ","1,291 ",494 ,583 ,267 ,242 
218,New Orleans,LA,"29,669 ","10,026 ","10,100 ","4,428 ","4,265 ","2,299 ","2,338 ","1,963 ","2,097 ",683 ,727 ,442 ,451 ,161 ,170 
219,Shreveport,LA,"74,333 ","10,482 ","11,681 ","4,712 ","5,530 ","2,498 ","2,551 ","1,749 ","1,929 ",866 ,955 ,405 ,470 ,227 ,208 
220,Slidell,LA,"15,843 ","10,659 ","11,759 ","4,550 ","5,212 ","2,505 ","2,639 ","2,002 ","2,179 ",870 ,955 ,514 ,574 ,245 ,238 
221,Bangor,ME,"55,281 ","9,031 ","9,485 ","3,892 ","3,942 ","1,463 ","1,727 ","2,917 ","3,042 ",354 ,364 ,213 ,231 ,207 ,191 
222,Portland,ME,"126,334 ","8,271 ","8,456 ","3,393 ","3,453 ","1,944 ","2,091 ","1,995 ","1,992 ",466 ,462 ,318 ,315 ,168 ,156 
223,Baltimore,MD,"285,206 ","11,289 ","9,675 ","5,143 ","3,708 ","3,010 ","2,848 ","2,337 ","2,337 ",383 ,382 ,254 ,240 ,161 ,173 
225,Salisbury,MD,"83,780 ","10,086 ","9,680 ","4,278 ","3,908 ","2,864 ","2,784 ","2,018 ","2,073 ",391 ,400 ,304 ,296 ,203 ,186 
226,Takoma Park,MD,"77,199 ","9,808 ","8,713 ","4,184 ","3,405 ","3,413 ","3,128 ","1,535 ","1,510 ",321 ,317 ,287 ,279 ,131 ,139 
227,Boston,MA,"507,963 ","11,098 ","9,560 ","5,239 ","4,241 ","2,559 ","2,538 ","2,076 ","1,716 ",769 ,639 ,323 ,288 ,138 ,143 
230,Springfield,MA,"77,201 ","9,894 ","8,580 ","4,724 ","3,845 ","2,320 ","2,300 ","1,920 ","1,591 ",588 ,489 ,217 ,215 ,145 ,153 
231,Worcester,MA,"59,199 ","11,334 ","9,647 ","5,744 ","4,397 ","2,369 ","2,347 ","2,085 ","1,843 ",701 ,617 ,308 ,286 ,155 ,169 
232,Ann Arbor,MI,"117,763 ","10,257 ","10,315 ","4,646 ","4,615 ","2,465 ","2,515 ","1,999 ","2,011 ",588 ,596 ,375 ,392 ,184 ,186 
233,Dearborn,MI,"39,756 ","12,006 ","12,288 ","6,043 ","6,219 ","3,025 ","3,050 ","1,764 ","1,808 ",716 ,733 ,275 ,277 ,181 ,195 
234,Detroit,MI,"130,869 ","11,140 ","11,263 ","5,181 ","5,216 ","3,039 ","3,078 ","1,668 ","1,699 ",762 ,773 ,285 ,282 ,176 ,189 
235,Flint,MI,"49,718 ","11,952 ","11,577 ","5,744 ","5,365 ","3,254 ","3,337 ","1,557 ","1,491 ",675 ,657 ,523 ,509 ,198 ,221 
236,Grand Rapids,MI,"72,136 ","8,833 ","9,250 ","3,762 ","3,937 ","2,232 ","2,280 ","1,718 ","1,833 ",514 ,546 ,401 ,439 ,204 ,210 
238,Kalamazoo,MI,"60,118 ","9,095 ","9,250 ","4,099 ","4,150 ","2,097 ","2,159 ","1,861 ","1,893 ",415 ,423 ,407 ,427 ,218 ,199 
239,Lansing,MI,"62,946 ","9,792 ","9,763 ","4,322 ","4,213 ","2,249 ","2,328 ","2,041 ","2,042 ",515 ,519 ,424 ,438 ,246 ,226 
240,Marquette,MI,"24,855 ","8,246 ","8,405 ","3,534 ","3,374 ","1,579 ","1,621 ","2,299 ","2,514 ",470 ,516 ,175 ,203 ,187 ,174 
242,Muskegon,MI,"22,915 ","8,975 ","9,335 ","3,706 ","3,953 ","2,327 ","2,374 ","1,907 ","1,976 ",455 ,470 ,354 ,358 ,233 ,209 
243,Petoskey,MI,"24,685 ","8,514 ","8,837 ","3,413 ","3,423 ","1,976 ","2,029 ","2,214 ","2,427 ",293 ,320 ,354 ,391 ,233 ,215 
244,Pontiac,MI,"39,927 ","10,844 ","10,886 ","4,936 ","4,894 ","3,055 ","3,076 ","1,679 ","1,703 ",580 ,588 ,410 ,423 ,184 ,201 
245,Royal Oak,MI,"66,843 ","11,038 ","11,290 ","4,809 ","4,966 ","3,382 ","3,419 ","1,617 ","1,646 ",707 ,721 ,354 ,357 ,167 ,180 
246,Saginaw,MI,"79,743 ","9,693 ","10,280 ","4,423 ","4,757 ","2,144 ","2,214 ","2,015 ","2,146 ",489 ,511 ,363 ,411 ,266 ,244 
248,St. Joseph,MI,"14,892 ","8,598 ","8,943 ","3,499 ","3,644 ","2,086 ","2,143 ","1,758 ","1,840 ",541 ,568 ,501 ,550 ,206 ,187 
249,Traverse City,MI,"31,924 ","8,823 ","9,141 ","3,770 ","3,781 ","2,099 ","2,151 ","2,092 ","2,289 ",352 ,384 ,283 ,328 ,226 ,209 
250,Duluth,MN,"28,051 ","8,418 ","8,445 ","3,879 ","3,872 ","1,465 ","1,544 ","2,412 ","2,377 ",233 ,229 ,246 ,250 ,178 ,166 
251,Minneapolis,MN,"154,661 ","8,478 ","8,406 ","3,846 ","3,678 ","1,945 ","2,090 ","1,917 ","1,882 ",305 ,290 ,313 ,314 ,164 ,164 
253,Rochester,MN,"34,029 ","8,569 ","7,941 ","4,337 ","3,627 ","1,525 ","1,634 ","2,181 ","2,164 ",122 ,119 ,241 ,249 ,204 ,189 
254,St. Cloud,MN,"11,829 ","8,640 ","8,287 ","4,068 ","3,575 ","1,821 ","2,084 ","2,124 ","2,023 ",265 ,252 ,213 ,217 ,192 ,183 
256,St. Paul,MN,"45,546 ","8,577 ","8,365 ","3,807 ","3,598 ","2,082 ","2,190 ","1,719 ","1,634 ",372 ,349 ,433 ,420 ,156 ,167 
257,Gulfport,MS,"20,986 ","9,414 ","10,896 ","4,124 ","5,093 ","2,087 ","2,265 ","1,834 ","2,073 ",666 ,756 ,454 ,490 ,260 ,233 
258,Hattiesburg,MS,"34,352 ","9,887 ","11,325 ","4,165 ","5,175 ","2,711 ","2,799 ","1,555 ","1,756 ",745 ,840 ,453 ,536 ,271 ,240 
259,Jackson,MS,"111,781 ","9,538 ","10,990 ","4,103 ","5,027 ","2,295 ","2,409 ","1,587 ","1,802 ",893 ,"1,015 ",409 ,475 ,221 ,214 
260,Meridian,MS,"25,390 ","9,729 ","11,459 ","4,175 ","5,314 ","2,162 ","2,271 ","1,808 ","2,074 ",806 ,925 ,504 ,603 ,245 ,221 
261,Oxford,MS,"18,265 ","9,750 ","10,940 ","4,046 ","4,678 ","2,134 ","2,251 ","1,976 ","2,248 ",801 ,917 ,465 ,539 ,315 ,288 
262,Tupelo,MS,"51,774 ","8,885 ","10,239 ","3,603 ","4,411 ","2,024 ","2,165 ","1,815 ","2,078 ",608 ,699 ,528 ,602 ,314 ,289 
263,Cape Girardeau,MO,"35,258 ","8,558 ","9,470 ","3,965 ","4,587 ","1,824 ","1,930 ","1,978 ","2,118 ",282 ,307 ,244 ,282 ,266 ,247 
264,Columbia,MO,"86,918 ","8,259 ","9,042 ","3,605 ","4,090 ","2,122 ","2,195 ","1,760 ","1,934 ",218 ,238 ,285 ,333 ,263 ,247 
267,Joplin,MO,"45,862 ","8,858 ","10,030 ","3,820 ","4,625 ","1,995 ","2,074 ","2,005 ","2,205 ",395 ,436 ,368 ,436 ,262 ,246 
268,Kansas City,MO,"225,080 ","9,281 ","9,925 ","4,030 ","4,475 ","2,266 ","2,340 ","1,898 ","1,976 ",413 ,427 ,467 ,489 ,206 ,216 
270,Springfield,MO,"90,690 ","7,984 ","8,981 ","3,373 ","4,015 ","1,805 ","1,898 ","1,854 ","2,041 ",344 ,380 ,372 ,437 ,234 ,216 
273,St. Louis,MO,"302,143 ","9,452 ","10,210 ","4,209 ","4,734 ","2,420 ","2,497 ","1,896 ","1,992 ",425 ,445 ,313 ,342 ,190 ,200 
274,Billings,MT,"73,212 ","7,755 ","7,733 ","3,293 ","3,318 ","1,625 ","1,617 ","2,237 ","2,197 ",165 ,161 ,199 ,216 ,207 ,196 
275,Great Falls,MT,"18,184 ","8,116 ","8,099 ","3,568 ","3,621 ","1,589 ","1,581 ","2,306 ","2,262 ",182 ,179 ,181 ,179 ,240 ,227 
276,Missoula,MT,"53,387 ","7,434 ","7,543 ","3,016 ","3,154 ","1,615 ","1,606 ","2,079 ","2,055 ",199 ,196 ,295 ,319 ,192 ,182 
277,Lincoln,NE,"76,928 ","8,905 ","9,372 ","3,819 ","4,096 ","2,225 ","2,304 ","2,100 ","2,194 ",257 ,265 ,282 ,311 ,239 ,220 
278,Omaha,NE,"145,444 ","9,061 ","9,381 ","4,125 ","4,262 ","2,144 ","2,213 ","1,992 ","2,071 ",336 ,343 ,282 ,304 ,193 ,196 
279,Las Vegas,NV,"144,579 ","10,936 ","10,500 ","4,895 ","4,745 ","3,586 ","3,479 ",985 ,911 ,899 ,821 ,448 ,393 ,184 ,198 
280,Reno,NV,"86,004 ","8,663 ","8,057 ","3,895 ","3,570 ","2,300 ","2,233 ","1,548 ","1,383 ",351 ,318 ,307 ,308 ,249 ,232 
281,Lebanon,NH,"64,589 ","8,901 ","8,151 ","4,122 ","3,511 ","1,251 ","1,262 ","2,764 ","2,628 ",410 ,399 ,221 ,223 ,160 ,148 
282,Manchester,NH,"114,253 ","8,967 ","8,595 ","4,020 ","3,860 ","2,034 ","2,045 ","1,969 ","1,803 ",505 ,466 ,291 ,275 ,161 ,154 
283,Camden,NJ,"356,830 ","11,385 ","10,409 ","5,102 ","4,596 ","3,815 ","3,582 ","1,538 ","1,364 ",409 ,364 ,338 ,313 ,188 ,194 
284,Hackensack,NJ,"130,314 ","11,814 ","10,393 ","5,494 ","4,705 ","3,769 ","3,496 ","1,750 ","1,494 ",454 ,387 ,209 ,169 ,171 ,177 
285,Morristown,NJ,"115,821 ","10,304 ","9,481 ","4,593 ","4,180 ","3,476 ","3,232 ","1,449 ","1,321 ",354 ,328 ,277 ,256 ,155 ,164 
288,New Brunswick,NJ,"104,513 ","10,970 ","9,840 ","4,995 ","4,359 ","3,836 ","3,564 ","1,425 ","1,243 ",309 ,277 ,254 ,238 ,167 ,175 
289,Newark,NJ,"113,847 ","11,579 ","10,269 ","5,641 ","4,807 ","3,586 ","3,339 ","1,633 ","1,473 ",347 ,312 ,233 ,209 ,175 ,182 
291,Paterson,NJ,"39,175 ","12,291 ","10,864 ","6,056 ","5,218 ","3,790 ","3,510 ","1,602 ","1,398 ",405 ,349 ,271 ,222 ,187 ,194 
292,Ridgewood,NJ,"47,248 ","11,104 ","9,932 ","4,989 ","4,408 ","3,769 ","3,504 ","1,620 ","1,376 ",401 ,341 ,182 ,152 ,165 ,172 
293,Albuquerque,NM,"141,882 ","7,614 ","7,535 ","3,252 ","3,086 ","1,936 ","1,964 ","1,470 ","1,501 ",371 ,377 ,382 ,396 ,194 ,200 
295,Albany,NY,"175,846 ","9,008 ","8,945 ","4,067 ","3,997 ","2,653 ","2,651 ","1,624 ","1,631 ",345 ,344 ,166 ,168 ,170 ,171 
296,Binghamton,NY,"37,215 ","8,029 ","8,569 ","3,551 ","3,757 ","1,902 ","2,080 ","2,003 ","2,147 ",263 ,283 ,144 ,156 ,204 ,187 
297,Bronx,NY,"47,740 ","13,355 ","9,964 ","7,630 ","5,025 ","3,278 ","2,943 ","1,620 ","1,376 ",395 ,335 ,213 ,163 ,153 ,157 
299,Buffalo,NY,"74,525 ","8,561 ","8,474 ","3,978 ","3,816 ","2,350 ","2,438 ","1,373 ","1,373 ",517 ,511 ,193 ,175 ,155 ,171 
300,Elmira,NY,"31,158 ","8,697 ","9,366 ","4,019 ","4,478 ","2,539 ","2,644 ","1,637 ","1,732 ",263 ,281 ,81 ,88 ,219 ,200 
301,East Long Island,NY,"393,044 ","12,321 ","10,373 ","5,664 ","4,473 ","4,382 ","3,956 ","1,481 ","1,262 ",480 ,410 ,186 ,142 ,155 ,162 
303,Manhattan,NY,"300,020 ","12,646 ","10,060 ","6,283 ","4,407 ","3,992 ","3,651 ","1,547 ","1,318 ",484 ,412 ,202 ,155 ,149 ,153 
304,Rochester,NY,"61,882 ","8,032 ","8,334 ","3,627 ","3,711 ","1,909 ","1,995 ","1,794 ","1,901 ",405 ,425 ,160 ,161 ,166 ,172 
307,Syracuse,NY,"95,104 ","8,755 ","8,837 ","4,077 ","4,010 ","2,704 ","2,805 ","1,315 ","1,350 ",396 ,399 ,87 ,92 ,204 ,210 
308,White Plains,NY,"108,844 ","11,332 ","9,849 ","5,450 ","4,602 ","3,585 ","3,276 ","1,594 ","1,355 ",436 ,371 ,160 ,134 ,136 ,143 
309,Asheville,NC,"95,632 ","7,683 ","8,531 ","3,110 ","3,618 ","2,052 ","2,184 ","1,622 ","1,775 ",347 ,380 ,357 ,370 ,187 ,200 
311,Charlotte,NC,"214,384 ","8,777 ","9,420 ","3,550 ","3,910 ","2,540 ","2,686 ","1,524 ","1,617 ",469 ,502 ,478 ,485 ,223 ,225 
312,Durham,NC,"133,465 ","8,651 ","9,079 ","3,796 ","3,939 ","2,313 ","2,462 ","1,679 ","1,798 ",304 ,323 ,322 ,339 ,237 ,218 
313,Greensboro,NC,"40,147 ","8,308 ","9,027 ","3,472 ","3,832 ","2,289 ","2,470 ","1,552 ","1,663 ",456 ,489 ,360 ,379 ,180 ,194 
314,Greenville,NC,"100,434 ","8,777 ","9,218 ","3,800 ","3,804 ","2,728 ","3,035 ","1,428 ","1,531 ",319 ,345 ,280 ,305 ,226 ,206 
315,Hickory,NC,"30,525 ","8,413 ","9,126 ","3,337 ","3,752 ","2,367 ","2,541 ","1,475 ","1,595 ",423 ,465 ,534 ,521 ,277 ,255 
318,Raleigh,NC,"170,408 ","8,760 ","9,513 ","3,622 ","3,997 ","2,751 ","2,999 ","1,496 ","1,587 ",382 ,406 ,326 ,346 ,190 ,186 
319,Wilmington,NC,"64,264 ","9,106 ","9,576 ","3,713 ","3,752 ","2,966 ","3,295 ","1,369 ","1,459 ",383 ,408 ,465 ,464 ,218 ,199 
320,Winston-Salem,NC,"87,571 ","9,183 ","9,917 ","3,947 ","4,275 ","2,276 ","2,504 ","1,790 ","1,931 ",514 ,560 ,394 ,400 ,262 ,246 
321,Bismarck,ND,"26,686 ","8,036 ","8,247 ","3,412 ","3,625 ","2,034 ","2,076 ","2,300 ","2,259 ",96 ,95 ,55 ,64 ,174 ,161 
322,Fargo/Moorhead MN,ND,"45,685 ","8,133 ","8,434 ","3,419 ","3,522 ","1,580 ","1,688 ","2,612 ","2,676 ",168 ,171 ,189 ,220 ,198 ,186 
323,Grand Forks,ND,"15,707 ","8,916 ","9,095 ","3,963 ","3,960 ","1,562 ","1,678 ","2,974 ","3,039 ",106 ,108 ,83 ,99 ,269 ,251 
324,Minot,ND,"15,314 ","7,905 ","8,135 ","3,456 ","3,666 ","1,369 ","1,439 ","2,818 ","2,769 ",88 ,87 ,57 ,64 ,138 ,130 
325,Akron,OH,"40,982 ","9,273 ","9,874 ","4,448 ","4,681 ","2,149 ","2,319 ","1,691 ","1,818 ",430 ,462 ,390 ,409 ,157 ,176 
326,Canton,OH,"45,695 ","8,787 ","9,519 ","3,969 ","4,409 ","2,420 ","2,554 ","1,489 ","1,612 ",321 ,347 ,390 ,412 ,193 ,178 
327,Cincinnati,OH,"117,553 ","9,529 ","9,935 ","4,286 ","4,532 ","2,443 ","2,525 ","1,635 ","1,692 ",572 ,592 ,445 ,429 ,148 ,164 
328,Cleveland,OH,"167,880 ","9,321 ","9,842 ","4,188 ","4,457 ","2,164 ","2,291 ","1,929 ","2,012 ",457 ,478 ,421 ,427 ,154 ,170 
329,Columbus,OH,"210,336 ","9,685 ","10,063 ","4,462 ","4,557 ","2,242 ","2,379 ","1,847 ","1,951 ",523 ,549 ,421 ,436 ,199 ,198 
330,Dayton,OH,"87,604 ","9,297 ","9,927 ","4,188 ","4,512 ","2,397 ","2,574 ","1,602 ","1,691 ",552 ,584 ,359 ,362 ,201 ,204 
331,Elyria,OH,"23,513 ","10,016 ","10,714 ","4,651 ","5,060 ","2,163 ","2,329 ","2,175 ","2,257 ",399 ,415 ,439 ,436 ,195 ,220 
332,Kettering,OH,"32,440 ","9,703 ","10,127 ","4,105 ","4,313 ","2,639 ","2,745 ","1,596 ","1,673 ",756 ,797 ,452 ,423 ,155 ,178 
334,Toledo,OH,"83,616 ","9,636 ","10,121 ","4,454 ","4,673 ","2,337 ","2,487 ","1,837 ","1,932 ",443 ,464 ,392 ,385 ,176 ,182 
335,Youngstown,OH,"51,257 ","9,711 ","10,641 ","4,623 ","5,152 ","2,629 ","2,817 ","1,575 ","1,705 ",400 ,434 ,290 ,322 ,196 ,210 
336,Lawton,OK,"23,569 ","9,218 ","10,162 ","3,957 ","4,472 ","1,925 ","2,011 ","1,888 ","2,091 ",888 ,979 ,345 ,410 ,213 ,196 
339,Oklahoma City,OK,"202,442 ","9,727 ","10,518 ","4,068 ","4,488 ","2,244 ","2,332 ","1,809 ","1,951 ",906 ,981 ,501 ,564 ,219 ,224 
340,Tulsa,OK,"142,509 ","9,019 ","10,137 ","3,791 ","4,452 ","2,306 ","2,407 ","1,464 ","1,636 ",799 ,889 ,494 ,584 ,197 ,202 
341,Bend,OR,"30,693 ","8,072 ","7,558 ","3,188 ","2,901 ","2,433 ","2,398 ","1,462 ","1,346 ",244 ,221 ,526 ,485 ,201 ,185 
342,Eugene,OR,"68,075 ","8,006 ","7,444 ","3,495 ","3,084 ","2,136 ","2,117 ","1,577 ","1,483 ",276 ,257 ,297 ,289 ,208 ,192 
343,Medford,OR,"61,608 ","7,818 ","7,571 ","3,270 ","3,117 ","2,162 ","2,178 ","1,535 ","1,452 ",391 ,374 ,229 ,233 ,212 ,197 
344,Portland,OR,"155,832 ","8,325 ","7,731 ","3,633 ","3,228 ","1,924 ","1,910 ","1,857 ","1,728 ",372 ,342 ,372 ,348 ,167 ,171 
345,Salem,OR,"16,412 ","8,278 ","7,848 ","3,549 ","3,321 ","2,369 ","2,340 ","1,436 ","1,326 ",359 ,331 ,347 ,330 ,210 ,191 
346,Allentown,PA,"135,569 ","9,907 ","10,013 ","4,432 ","4,581 ","2,741 ","2,774 ","1,871 ","1,783 ",435 ,426 ,274 ,283 ,165 ,175 
347,Altoona,PA,"24,347 ","10,147 ","10,757 ","4,710 ","5,063 ","2,455 ","2,537 ","1,953 ","2,074 ",524 ,552 ,324 ,358 ,194 ,182 
350,Danville,PA,"49,474 ","9,227 ","9,547 ","4,394 ","4,495 ","2,063 ","2,143 ","2,054 ","2,161 ",339 ,364 ,191 ,210 ,213 ,199 
351,Erie,PA,"67,751 ","8,966 ","9,722 ","4,154 ","4,588 ","2,223 ","2,313 ","1,812 ","1,995 ",373 ,406 ,192 ,222 ,231 ,216 
352,Harrisburg,PA,"95,444 ","9,364 ","9,450 ","4,253 ","4,260 ","2,523 ","2,571 ","1,796 ","1,816 ",317 ,317 ,299 ,321 ,186 ,172 
354,Johnstown,PA,"13,384 ","10,398 ","10,908 ","5,063 ","5,269 ","2,355 ","2,428 ","1,891 ","2,044 ",529 ,571 ,350 ,393 ,221 ,209 
355,Lancaster,PA,"63,045 ","8,662 ","8,816 ","3,646 ","3,806 ","2,564 ","2,566 ","1,685 ","1,691 ",316 ,317 ,291 ,283 ,180 ,172 
356,Philadelphia,PA,"342,874 ","11,103 ","10,386 ","4,887 ","4,455 ","3,403 ","3,256 ","1,726 ","1,629 ",559 ,533 ,356 ,331 ,180 ,190 
357,Pittsburgh,PA,"169,538 ","9,935 ","10,683 ","4,771 ","5,157 ","2,275 ","2,388 ","1,787 ","1,935 ",541 ,586 ,372 ,407 ,181 ,198 
358,Reading,PA,"57,380 ","9,997 ","10,252 ","4,661 ","4,790 ","2,750 ","2,787 ","1,777 ","1,846 ",396 ,414 ,239 ,252 ,191 ,178 
359,Sayre,PA,"22,719 ","8,532 ","9,307 ","4,101 ","4,563 ","1,943 ","2,046 ","1,818 ","1,994 ",300 ,325 ,159 ,178 ,217 ,206 
360,Scranton,PA,"41,274 ","9,567 ","10,313 ","4,440 ","4,936 ","2,709 ","2,766 ","1,404 ","1,520 ",536 ,593 ,295 ,309 ,187 ,194 
362,Wilkes-Barre,PA,"30,267 ","10,058 ","10,945 ","4,830 ","5,379 ","2,556 ","2,622 ","1,640 ","1,800 ",640 ,709 ,243 ,262 ,163 ,182 
363,York,PA,"43,142 ","9,714 ","9,706 ","4,620 ","4,574 ","2,633 ","2,665 ","1,689 ","1,695 ",341 ,341 ,253 ,264 ,191 ,176 
364,Providence,RI,"101,136 ","10,250 ","9,258 ","4,772 ","4,145 ","2,587 ","2,656 ","1,779 ","1,473 ",625 ,519 ,350 ,318 ,140 ,147 
365,Charleston,SC,"138,753 ","8,814 ","9,570 ","3,344 ","3,813 ","2,997 ","3,130 ","1,356 ","1,447 ",403 ,429 ,545 ,591 ,191 ,188 
366,Columbia,SC,"131,062 ","8,546 ","9,302 ","3,427 ","3,860 ","2,739 ","2,863 ","1,314 ","1,423 ",387 ,420 ,506 ,562 ,205 ,206 
367,Florence,SC,"45,131 ","9,038 ","10,078 ","3,918 ","4,585 ","2,359 ","2,521 ","1,597 ","1,736 ",300 ,325 ,681 ,758 ,229 ,206 
368,Greenville,SC,"97,276 ","8,825 ","9,435 ","3,619 ","3,944 ","2,387 ","2,538 ","1,660 ","1,749 ",369 ,388 ,590 ,610 ,204 ,212 
369,Spartanburg,SC,"39,036 ","8,670 ","9,525 ","3,637 ","4,061 ","2,243 ","2,478 ","1,541 ","1,673 ",422 ,454 ,604 ,661 ,232 ,208 
370,Rapid City,SD,"27,308 ","7,890 ","7,782 ","3,766 ","3,642 ","1,792 ","1,835 ","1,843 ","1,822 ",137 ,134 ,99 ,108 ,207 ,193 
371,Sioux Falls,SD,"93,265 ","8,271 ","8,481 ","3,545 ","3,632 ","1,566 ","1,678 ","2,674 ","2,675 ",126 ,126 ,170 ,192 ,226 ,212 
373,Chattanooga,TN,"69,735 ","9,236 ","10,250 ","3,791 ","4,459 ","2,782 ","2,911 ","1,382 ","1,497 ",582 ,635 ,468 ,511 ,235 ,247 
374,Jackson,TN,"43,972 ","9,297 ","10,663 ","4,085 ","4,976 ","2,410 ","2,545 ","1,620 ","1,845 ",643 ,744 ,249 ,289 ,288 ,263 
375,Johnson City,TN,"25,530 ","8,578 ","9,768 ","3,807 ","4,542 ","2,227 ","2,373 ","1,432 ","1,641 ",485 ,560 ,340 ,392 ,291 ,272 
376,Kingsport,TN,"45,857 ","8,706 ","10,042 ","3,803 ","4,639 ","2,246 ","2,429 ","1,450 ","1,673 ",671 ,773 ,239 ,264 ,307 ,286 
377,Knoxville,TN,"128,332 ","8,582 ","10,018 ","3,372 ","4,302 ","2,594 ","2,730 ","1,435 ","1,667 ",615 ,713 ,303 ,359 ,257 ,256 
379,Memphis,TN,"168,091 ","9,341 ","10,212 ","4,139 ","4,674 ","2,517 ","2,649 ","1,535 ","1,658 ",503 ,555 ,408 ,435 ,241 ,241 
380,Nashville,TN,"243,933 ","9,153 ","10,234 ","3,954 ","4,684 ","2,671 ","2,826 ","1,339 ","1,457 ",649 ,709 ,316 ,347 ,229 ,224 
382,Abilene,TX,"35,892 ","9,825 ","10,849 ","4,215 ","4,867 ","2,185 ","2,268 ","1,775 ","1,957 ",989 ,"1,069 ",437 ,488 ,239 ,220 
383,Amarillo,TX,"44,096 ","9,368 ","10,169 ","4,025 ","4,502 ","2,543 ","2,612 ","1,363 ","1,505 ",742 ,817 ,451 ,507 ,245 ,230 
385,Austin,TX,"123,773 ","10,077 ","10,542 ","4,019 ","4,385 ","3,184 ","3,183 ","1,333 ","1,373 ",848 ,873 ,527 ,556 ,181 ,194 
386,Beaumont,TX,"40,440 ","11,017 ","11,721 ","4,408 ","4,798 ","2,851 ","2,945 ","1,616 ","1,717 ","1,134 ","1,191 ",841 ,891 ,170 ,179 
388,Bryan,TX,"20,867 ","9,888 ","10,420 ","4,076 ","4,440 ","2,494 ","2,535 ","1,791 ","1,871 ",870 ,912 ,469 ,492 ,191 ,173 
390,Corpus Christi,TX,"36,697 ","10,842 ","11,581 ","4,418 ","4,800 ","2,953 ","3,056 ","1,345 ","1,435 ","1,248 ","1,331 ",667 ,771 ,195 ,175 
391,Dallas,TX,"337,088 ","11,026 ","11,494 ","4,604 ","4,967 ","3,159 ","3,169 ","1,377 ","1,420 ","1,139 ","1,172 ",573 ,587 ,203 ,210 
393,El Paso,TX,"65,861 ","8,587 ","9,191 ","3,618 ","3,923 ","2,369 ","2,441 ","1,189 ","1,291 ",842 ,925 ,341 ,374 ,208 ,212 
394,Fort Worth,TX,"135,737 ","11,126 ","11,662 ","4,779 ","5,234 ","3,243 ","3,235 ","1,319 ","1,361 ","1,017 ","1,041 ",604 ,619 ,195 ,208 
396,Harlingen,TX,"32,355 ","10,665 ","11,742 ","4,651 ","5,251 ","2,791 ","2,919 ","1,299 ","1,448 ","1,158 ","1,288 ",434 ,508 ,215 ,193 
397,Houston,TX,"376,280 ","11,398 ","11,514 ","5,107 ","5,176 ","3,055 ","3,054 ","1,621 ","1,650 ","1,017 ","1,024 ",424 ,430 ,180 ,187 
399,Longview,TX,"21,588 ","10,516 ","11,588 ","4,461 ","5,182 ","2,631 ","2,704 ","1,520 ","1,666 ","1,137 ","1,233 ",513 ,573 ,258 ,234 
400,Lubbock,TX,"62,331 ","9,955 ","10,572 ","4,300 ","4,610 ","2,114 ","2,178 ","1,905 ","2,035 ",847 ,894 ,573 ,650 ,216 ,203 
402,McAllen,TX,"29,746 ","11,000 ","11,867 ","4,914 ","5,315 ","2,829 ","2,985 ","1,461 ","1,618 ","1,258 ","1,380 ",286 ,307 ,165 ,166 
406,Odessa,TX,"29,119 ","9,151 ","9,473 ","4,314 ","4,452 ","2,092 ","2,181 ","1,405 ","1,474 ",782 ,812 ,379 ,390 ,158 ,145 
411,San Angelo,TX,"18,964 ","9,541 ","10,305 ","3,951 ","4,371 ","2,171 ","2,231 ","1,900 ","2,049 ",871 ,945 ,444 ,521 ,208 ,194 
412,San Antonio,TX,"203,135 ","9,672 ","10,287 ","4,018 ","4,360 ","3,022 ","3,096 ","1,159 ","1,245 ",781 ,836 ,522 ,579 ,173 ,177 
413,Temple,TX,"33,274 ","10,301 ","10,715 ","4,485 ","4,684 ","2,052 ","2,120 ","2,291 ","2,371 ",776 ,808 ,526 ,581 ,197 ,184 
416,Tyler,TX,"66,725 ","10,552 ","11,560 ","4,137 ","4,838 ","2,760 ","2,822 ","1,892 ","2,051 ",914 ,971 ,591 ,649 ,271 ,247 
417,Victoria,TX,"17,722 ","10,807 ","11,836 ","5,081 ","5,825 ","2,541 ","2,588 ","1,904 ","2,068 ",748 ,793 ,333 ,382 ,199 ,179 
418,Waco,TX,"30,931 ","9,187 ","9,993 ","3,818 ","4,337 ","2,146 ","2,196 ","1,764 ","1,905 ",690 ,737 ,552 ,620 ,213 ,193 
420,Wichita Falls,TX,"23,885 ","11,215 ","11,626 ","4,878 ","5,162 ","2,604 ","2,657 ","1,601 ","1,669 ","1,317 ","1,351 ",597 ,589 ,226 ,207 
421,Ogden,UT,"29,510 ","8,790 ","9,226 ","3,301 ","3,603 ","2,479 ","2,521 ","1,466 ","1,511 ",595 ,610 ,672 ,731 ,289 ,271 
422,Provo,UT,"28,785 ","8,703 ","9,025 ","3,401 ","3,627 ","2,333 ","2,364 ","1,361 ","1,395 ",758 ,774 ,554 ,596 ,323 ,305 
423,Salt Lake City,UT,"140,300 ","8,579 ","8,691 ","3,537 ","3,538 ","2,051 ","2,075 ","1,681 ","1,715 ",578 ,587 ,476 ,513 ,270 ,279 
424,Burlington,VT,"80,556 ","8,486 ","8,160 ","3,816 ","3,401 ","1,663 ","1,707 ","2,218 ","2,263 ",416 ,425 ,201 ,201 ,184 ,169 
426,Arlington,VA,"165,653 ","8,294 ","8,206 ","3,171 ","3,250 ","2,966 ","2,818 ","1,220 ","1,204 ",434 ,427 ,363 ,353 ,134 ,147 
427,Charlottesville,VA,"75,960 ","8,272 ","8,488 ","3,652 ","3,636 ","1,969 ","2,032 ","1,906 ","2,030 ",299 ,317 ,284 ,321 ,156 ,145 
428,Lynchburg,VA,"37,454 ","8,034 ","8,534 ","3,507 ","3,816 ","2,112 ","2,166 ","1,520 ","1,618 ",392 ,417 ,311 ,342 ,190 ,173 
429,Newport News,VA,"65,173 ","8,151 ","8,698 ","2,954 ","3,284 ","2,646 ","2,739 ","1,745 ","1,813 ",386 ,400 ,248 ,273 ,174 ,186 
430,Norfolk,VA,"124,785 ","8,690 ","9,301 ","3,337 ","3,675 ","2,859 ","2,988 ","1,590 ","1,673 ",452 ,474 ,282 ,307 ,179 ,190 
431,Richmond,VA,"180,281 ","8,693 ","9,211 ","3,768 ","4,114 ","2,664 ","2,755 ","1,373 ","1,418 ",433 ,445 ,295 ,306 ,164 ,176 
432,Roanoke,VA,"89,004 ","8,354 ","8,986 ","3,665 ","4,016 ","2,329 ","2,466 ","1,432 ","1,528 ",475 ,506 ,238 ,268 ,214 ,201 
435,Winchester,VA,"54,204 ","8,366 ","8,784 ","3,722 ","3,929 ","2,202 ","2,302 ","1,591 ","1,675 ",364 ,377 ,305 ,326 ,175 ,168 
437,Everett,WA,"52,698 ","8,297 ","7,834 ","3,512 ","3,254 ","2,096 ","2,084 ","1,899 ","1,749 ",302 ,273 ,306 ,290 ,165 ,164 
438,Olympia,WA,"42,540 ","8,154 ","7,559 ","3,768 ","3,365 ","2,057 ","2,030 ","1,540 ","1,425 ",278 ,258 ,313 ,297 ,191 ,172 
439,Seattle,WA,"237,416 ","8,346 ","7,838 ","3,585 ","3,350 ","2,217 ","2,152 ","1,777 ","1,620 ",339 ,309 ,277 ,253 ,152 ,153 
440,Spokane,WA,"175,059 ","8,550 ","8,230 ","3,668 ","3,436 ","2,172 ","2,189 ","1,882 ","1,820 ",340 ,322 ,266 ,258 ,212 ,194 
441,Tacoma,WA,"66,596 ","8,524 ","8,217 ","3,837 ","3,711 ","2,423 ","2,420 ","1,465 ","1,325 ",316 ,286 ,327 ,301 ,151 ,168 
442,Yakima,WA,"30,495 ","8,290 ","7,947 ","3,714 ","3,495 ","1,876 ","1,930 ","2,003 ","1,873 ",246 ,231 ,221 ,211 ,225 ,203 
443,Charleston,WV,"93,644 ","9,405 ","10,505 ","4,442 ","5,058 ","2,201 ","2,392 ","1,766 ","1,987 ",504 ,572 ,252 ,268 ,246 ,234 
444,Huntington,WV,"39,559 ","9,501 ","10,388 ","4,339 ","4,737 ","2,277 ","2,569 ","1,914 ","2,056 ",515 ,557 ,267 ,246 ,194 ,219 
445,Morgantown,WV,"41,179 ","9,263 ","10,136 ","4,299 ","4,687 ","1,860 ","1,979 ","2,025 ","2,274 ",364 ,408 ,495 ,578 ,234 ,225 
446,Appleton,WI,"18,932 ","7,869 ","8,455 ","3,166 ","3,431 ","2,005 ","2,268 ","1,887 ","1,939 ",210 ,215 ,411 ,429 ,183 ,169 
447,Green Bay,WI,"42,982 ","7,958 ","8,614 ","3,316 ","3,631 ","1,800 ","2,039 ","2,085 ","2,171 ",215 ,224 ,351 ,371 ,193 ,178 
448,La Crosse,WI,"31,914 ","7,840 ","7,810 ","3,541 ","3,327 ","1,275 ","1,374 ","2,632 ","2,715 ",96 ,99 ,181 ,192 ,146 ,132 
449,Madison,WI,"102,609 ","8,135 ","7,988 ","3,679 ","3,449 ","1,601 ","1,755 ","1,948 ","1,908 ",259 ,250 ,491 ,477 ,158 ,146 
450,Marshfield,WI,"35,658 ","8,424 ","8,749 ","3,842 ","3,983 ","2,090 ","2,193 ","1,810 ","1,870 ",186 ,192 ,288 ,317 ,198 ,182 
451,Milwaukee,WI,"207,412 ","9,078 ","9,325 ","3,936 ","4,113 ","2,272 ","2,357 ","1,925 ","1,912 ",389 ,385 ,392 ,384 ,166 ,176 
452,Neenah,WI,"15,089 ","8,027 ","8,652 ","3,266 ","3,471 ","1,886 ","2,244 ","1,932 ","1,965 ",233 ,238 ,509 ,544 ,191 ,176 
456,Wausau,WI,"19,900 ","7,999 ","8,475 ","3,475 ","3,767 ","2,128 ","2,219 ","1,749 ","1,819 ",190 ,198 ,276 ,306 ,170 ,156 
457,Casper,WY,"27,254 ","8,717 ","8,379 ","4,158 ","3,922 ","2,199 ","2,163 ","1,711 ","1,664 ",208 ,199 ,118 ,117 ,297 ,283 
999,United States,US,"26,310,812 ","9,729 ","9,729 ","4,234 ","4,234 ","2,742 ","2,742 ","1,656 ","1,656 ",543 ,543 ,360 ,360 ,194 ,194 
